{
  "camera_matrix": [
    [
      3270.322752200471,
      0.0,
      1984.8593369570913
    ],
    [
      0.0,
      3251.3579624107915,
      1535.8977094124216
    ],
    [
      0.0,
      0.0,
      1.0
    ]
  ],
  "distortion_parameters": [
    0.28244572330233153,
    -1.7039904107230825,
    0.003684953543924096,
    -0.003744467629817863,
    3.3436549045236577
  ],
  "rotation_vectors": [
    [
      0.018054198514962195,
      -0.856352266216038,
      0.038780956806335
    ],
    [
      -0.5350616716638443,
      0.31025590723971475,
      -0.034312907418168455
    ],
    [
      -0.8215414897295046,
      0.029218103865796118,
      -0.03974797348108732
    ],
    [
      0.2953040024625893,
      -0.3070538769171745,
      0.003938433565118596
    ],
    [
      0.3311028319416758,
      -0.11967387106467765,
      0.013623672903236402
    ],
    [
      0.25637061715708315,
      -0.6393614338737972,
      -0.09945241011740147
    ],
    [
      -0.042838065843504074,
      0.9656704295346512,
      -0.1176758602591805
    ],
    [
      -0.18113805736780106,
      -0.7833495662901613,
      0.2641184606640584
    ],
    [
      0.35710928398511804,
      0.10832855577789358,
      0.019374738075970177
    ]
  ],
  "translation_vectors": [
    [
      0.1167688340555868,
      -2.3549045430389666,
      20.93136168164438
    ],
    [
      -3.130675281213349,
      -6.549937139015903,
      28.283479890864697
    ],
    [
      -2.224288345428397,
      -2.6151161055050847,
      29.594856526140102
    ],
    [
      1.8471417201446598,
      0.21150670521804163,
      24.46126235385337
    ],
    [
      -1.903359655629583,
      -0.9059168348955334,
      25.646641843801742
    ],
    [
      -1.3942814550380533,
      0.8514594724175777,
      24.114823211975352
    ],
    [
      -3.9556157779396828,
      -2.2495779066856514,
      28.135972763128972
    ],
    [
      1.4376329167384267,
      -3.678751848324454,
      22.862769334083715
    ],
    [
      -2.90943746593445,
      -2.376039015467245,
      26.44292791034849
    ]
  ],
  "total_error": 0.448904210205735
}