{
  "camera_matrix": [
    [
      3287.4153014881276,
      0.0,
      1515.377940886783
    ],
    [
      0.0,
      3281.409790598495,
      2000.4956211172453
    ],
    [
      0.0,
      0.0,
      1.0
    ]
  ],
  "distortion_parameters": [
    0.2954324758294683,
    -1.9773641615112898,
    0.001566536725168102,
    0.0025527632849109754,
    3.6560223731973145
  ],
  "rotation_vectors": [
    [
      -0.9799455304541663,
      0.47679252349537415,
      0.3758883394231785
    ],
    [
      -1.1345583489062163,
      -0.6566635550783978,
      -0.6165731567546288
    ],
    [
      -0.05247479649571376,
      0.05067679090327959,
      0.012441888171281567
    ],
    [
      0.620802537591615,
      0.02890217665124413,
      -0.007401834959550908
    ],
    [
      0.33272779077136927,
      -0.37908958169268125,
      0.4350020502794418
    ],
    [
      0.6812272904374141,
      0.6926025095558296,
      0.1712420298202846
    ],
    [
      0.34488726028780636,
      0.35804935561227613,
      -0.2532469871664191
    ],
    [
      -0.07029122978304352,
      -0.6652310660251123,
      0.004639132788995934
    ],
    [
      0.6606884926956731,
      0.15131264566387895,
      -0.004576280775071099
    ],
    [
      -0.956905505417351,
      -0.006666428875561379,
      0.011402804183220306
    ],
    [
      -1.015760596164973,
      0.6541535894265299,
      0.1314010747875595
    ],
    [
      -0.1433867916219385,
      0.677070043871913,
      0.04545093295942314
    ],
    [
      0.43153279299193864,
      -0.9937160930832886,
      -0.18590803588889826
    ],
    [
      -0.7741167061376991,
      -0.4942187787077832,
      -0.22429399990752769
    ]
  ],
  "translation_vectors": [
    [
      -2.106526376256533,
      0.4929132117247628,
      18.858003121863092
    ],
    [
      -3.8392914477715823,
      1.0424736147087328,
      13.144120827793461
    ],
    [
      -2.3789924712473667,
      -1.1440019299866968,
      15.972063085201267
    ],
    [
      -3.5384881877698784,
      -4.538772584461483,
      14.350778321507356
    ],
    [
      -0.943637139033917,
      -0.8960922305761251,
      11.588651928025365
    ],
    [
      -4.473096705468185,
      -3.6576802799945525,
      15.94472564555314
    ],
    [
      -6.366423233136755,
      2.5975718511040564,
      15.64006218642114
    ],
    [
      -2.5214925421942644,
      -1.2696935257701902,
      14.390953561855671
    ],
    [
      -4.044024029089763,
      -2.1562666557068924,
      14.238605512394457
    ],
    [
      -3.884132605995115,
      0.5102537072934636,
      19.66274020388272
    ],
    [
      -2.9748654552230605,
      1.8638281662592895,
      19.056452871289412
    ],
    [
      -3.246130400482081,
      -0.6930593473480912,
      18.830751460558474
    ],
    [
      -0.7151565824222939,
      0.2447632963828076,
      8.949116032042253
    ],
    [
      -3.3212418550766847,
      -0.4184711007817116,
      14.91905528849506
    ]
  ],
  "total_error": 21001.163071947925
}