{
  "camera_matrix": [
    [
      3286.4629841607984,
      0.0,
      2023.5768869100714
    ],
    [
      0.0,
      3271.6754503180246,
      1503.2101514954427
    ],
    [
      0.0,
      0.0,
      1.0
    ]
  ],
  "distortion_parameters": [
    0.2737181796474219,
    -2.349647809603689,
    0.0007015239366941092,
    0.0005142872882248564,
    6.576827620207052
  ],
  "rotation_vectors": [
    [
      1.2968106206837728,
      -0.07194663305638405,
      2.8640500618882805
    ],
    [
      0.7962718863803113,
      0.05797409520514829,
      -3.043590819410965
    ],
    [
      0.3674299036491324,
      -0.07265531806729844,
      3.0930468711010524
    ],
    [
      1.2892470280049968,
      0.627896822875844,
      2.793698774153872
    ],
    [
      -1.0835577295219856,
      -0.2862148002734558,
      2.7628130964116484
    ],
    [
      0.8775604540749263,
      -0.059409137859077706,
      3.0170463264597442
    ],
    [
      -0.1428347564970988,
      -0.5782174336206464,
      3.081383028222928
    ],
    [
      -0.005216166721150713,
      -0.02194502333720242,
      3.1404093545637752
    ],
    [
      0.9108295254187457,
      -0.42478566535939283,
      -2.8425592945814584
    ],
    [
      0.8538180898777981,
      -1.028517765078765,
      -2.902778074928951
    ],
    [
      -0.9532460382911391,
      -0.5046850443529867,
      2.8018963218184814
    ],
    [
      0.9584807153128,
      1.0787582231562727,
      2.779728415070418
    ],
    [
      0.6547810497177116,
      0.09502875153347205,
      -3.0647100744185796
    ],
    [
      1.1124070856614212,
      -0.21854627450741038,
      -2.6586601964109633
    ],
    [
      0.877113041516308,
      0.3484479808290028,
      2.6248142142139486
    ],
    [
      -0.12328292079596123,
      -0.6563131001553653,
      3.0649432094285634
    ],
    [
      1.0364487198206789,
      0.37796825870439305,
      2.6246671109755737
    ],
    [
      1.311847470035551,
      -0.5715804378430992,
      -2.6277726030419672
    ],
    [
      -1.1979865493273802,
      0.3525560945536248,
      -2.6580815123289145
    ],
    [
      -0.879576498350551,
      0.39160819086815085,
      -2.87426354425138
    ]
  ],
  "translation_vectors": [
    [
      0.3500820667813367,
      3.092196734461586,
      13.780983381421258
    ],
    [
      4.765641116219575,
      3.1935939574066867,
      19.72305745455591
    ],
    [
      5.244173481101899,
      2.3805874655345085,
      16.445064213412422
    ],
    [
      1.4000130032949998,
      1.7517806627863932,
      11.648315986124151
    ],
    [
      5.563809328430746,
      2.550958442740593,
      20.353280782603473
    ],
    [
      3.873159230563658,
      2.985682652755827,
      19.15562313533938
    ],
    [
      3.441770822255027,
      2.3869384356815218,
      23.93606859832986
    ],
    [
      4.796147693922629,
      3.1298867780435997,
      16.79591289961098
    ],
    [
      5.227918183072135,
      2.7043214986204367,
      20.520507064516305
    ],
    [
      6.413594891061115,
      1.6586520872544275,
      16.601785205678347
    ],
    [
      4.104417299761584,
      2.814877072711173,
      20.049102922903415
    ],
    [
      2.023891573278386,
      0.42985046393699045,
      12.872003122729229
    ],
    [
      4.879463502148499,
      2.6645641828155733,
      20.235947397841166
    ],
    [
      4.609161782432742,
      3.9092032530778886,
      19.412622065968392
    ],
    [
      2.7917866011903785,
      1.0183910435485053,
      18.04710395922509
    ],
    [
      4.363139197541029,
      2.463106098007619,
      24.702020033351985
    ],
    [
      1.4413143232601142,
      -0.20773494715638313,
      14.103000452202423
    ],
    [
      5.33709604438681,
      3.4086610188956055,
      17.654660604322782
    ],
    [
      -1.0155373037849489,
      5.151941909228857,
      15.109702435608321
    ],
    [
      1.5892695529162284,
      4.977308905656598,
      16.914994440843866
    ]
  ],
  "total_error": 19589.942995079353
}